SensorId!SensorName!SensorUniqueId!SensorCode!ManufacturerName!Location!Description!Longitude!Latitude!ManufacturerWebsite!ManufacturerEmail!SensorType!SensorReading!DriverManagerId!Cached!CachedOnly!SensorModel!Custom1!Custom2!Custom3!Custom4!Custom5!Custom6!Custom7!Custom8!Custom9!Custom10!Custom11!Custom12!Custom13!Custom14!Custom15!LogicalReadings!Deleted!isEditable!DomainId!UpdateDate!UpdatedBy!DeletionDate!DeletedBy!CreationDate!CreatedBy!isReadOnly
7!Tracing Sensor!!!spimesenselabs!SpimeSenseLabs!Tracing sensor data entry !0!0!www.spimesenselabs.com!info@spimesenselabs.com!group!SensorId,UserName!1!0!0!!null!null!null!null!null!null!null!null!null!null!null!null!null!null!null!null!0!0!-1!null!null!null!null!null!null!0
8!fault Sensor!1!1!spimeSensLabs!SpimeSenseLabs!for add activities of the fault sensors !null!null!spimeSensLabs.com!info@spimeSensLabs.com!group!sensorId,userName,SensorCode,SensorName,Location,ExtraInfo!1!0!0!!null!null!null!null!null!null!null!null!null!null!null!null!null!null!null!null!0!0!-1!null!null!null!null!null!null!0
9!BackupTracker! ! !spimeSenseLabs!SpimeSenseLabs!! ! !masterofthings.com!info@masterofthings.com!group!Description,backupDate,serverName,Backup2,Backup1,backupType,metaData!1!0!0! ! ! ! ! ! ! ! ! ! ! ! ! ! ! ! ![]!0!1!-1!Sat Feb 17 2024 10:32:34 GMT+0000 (Coordinated Universal Time)!YasmeenMohamed!null!null!null!null!0
10!Activity Tracing!null!1!spimeSenseLabs!null!null!null!null!masterofthings.com!info@masterofthings.com!null!actionBy,actionType,resourceId,resourceType!SystemDriver!1!0!null!null!null!null!null!null!null!null!null!null!null!null!null!null!null!null![]!0!0!-1!Sun Jul 31 2022 13:01:07 GMT+0000 (Coordinated Universal Time)!abanoub!null!null!null!null!0
12!DriverManager Status!!!!!!!!!!!DisconnectedTime,ConnectedTime,Status,DriverManagerId!1!1!0!!!!!!!!!!!!!!!!!!0!0!-1!0000-00-00 00:00:00!!0000-00-00 00:00:00!!0000-00-00 00:00:00!!0
101!MoTSensorKit_Accelerometer! !123!spimeSenseLabs!SpimeSenseLabs!null! ! !masterofthings.com!info@masterofthings.com!group!x,y,z,appVersion,phoneVersion,captureTime!MoTSensorKitv2.0!1!1! ! ! ! ! ! ! ! ! ! ! ! ! ! ! ! ![]!0!0!-1!null!null!null!null!null!null!0
102!MoTSensorKit_Light! ! !spimeSenseLabs!SpimeSenseLabs!null! ! !masterofthings.com!info@masterofthings.com!group!currentLuxValue,appVersion,phoneVersion,captureTime!MoTSensorKitv2.0!1!1! ! ! ! ! ! ! ! ! ! ! ! ! ! ! ! ![]!0!0!-1!null!null!null!null!null!null!0
103!MoTSensorKit_GPS! ! !spimeSenseLabs!SpimeSenseLabs!null!0!0!masterofthings.com!info@masterofthings.com!group!phoneLocationLat,phoneLocationLng,locationBy,appVersion,phoneVersion,captureTime!MoTSensorKitv2.0!1!1! ! ! ! ! ! ! ! ! ! ! ! ! ! ! ! ![]!0!0!-1!null!null!null!null!null!null!0
104!MoTSensorKit_Touch_Screen! ! !spimeSenseLabs!SpimeSenseLabs!null!0!0!masterofthings.com!info@masterofthings.com!group!x,y,appVersion,phoneVersion,captureTime!MoTSensorKitv2.0!1!1! ! ! ! ! ! ! ! ! ! ! ! ! ! ! ! ![]!0!0!-1!null!null!null!null!null!null!0
105!MoTSensorKit_Battery! ! !spimeSenseLabs!SpimeSenseLabs!null! ! !masterofthings.com!info@masterofthings.com!group!currentValue,appVersion,phoneVersion,captureTime!MoTSensorKitv2.0!1!1! ! ! ! ! ! ! ! ! ! ! ! ! ! ! ! ![]!0!0!-1!null!null!null!null!null!null!0
106!MoTSensorKit_Counter! ! !spimeSenseLabs!SpimeSenseLabs!null! ! !masterofthings.com!info@masterofthings.com!group!currentCounterValue,appVersion,phoneVersion,captureTime!MoTSensorKitv2.0!1!1! ! ! ! ! ! ! ! ! ! ! ! ! ! ! ! ![]!0!0!-1!null!null!null!null!null!null!0
107!MoTSensorKit_Gyroscope! !1!SpimeSenseLabs! SpimeSenseLabs!null! ! !MasterOfThings.com!info@MasterOfThings.com!group!appVersion,phoneVersion,captureTime,x,y,z!MoTSensorKitv2.0!1!1! ! ! ! ! ! ! ! ! ! ! ! ! ! ! ! ![]!0!0!-1!null!null!null!null!null!null!0
108!MoTSensorKit_Pedometer! !1!SpimeSenseLabs! SpimeSenseLabs!null! ! !MasterOfThings.com!info@MasterOfThings.com!group!appVersion,phoneVersion,captureTime,step,distance!MoTSensorKitv2.0!1!1! ! ! ! ! ! ! ! ! ! ! ! ! ! ! ! ![]!0!0!-1!null!null!null!null!null!null!0
109!MoTSensorKit_Pressure! !1!SpimeSenseLabs! SpimeSenseLabs!null! ! !MasterOfThings.com!info@MasterOfThings.com!group!appVersion,phoneVersion,captureTime,currentPressureLevel!MoTSensorKitv2.0!1!1! ! ! ! ! ! ! ! ! ! ! ! ! ! ! ! ![]!0!0!-1!null!null!null!null!null!null!0
110!MoTSensorKit_MagneticField! !1!SpimeSenseLabs! SpimeSenseLabs!null! ! !MasterOfThings.com!info@MasterOfThings.com!group!appVersion,phoneVersion,captureTime,x,y,z!MoTSensorKitv2.0!1!1! ! ! ! ! ! ! ! ! ! ! ! ! ! ! ! ![]!0!0!-1!null!null!null!null!null!null!0
111!MoTSensorKit_Proximity! !1!SpimeSenseLabs! SpimeSenseLabs!null! ! !MasterOfThings.com!info@MasterOfThings.com!group!appVersion,phoneVersion,captureTime,currentNearnessLevel!MoTSensorKitv2.0!1!1! ! ! ! ! ! ! ! ! ! ! ! ! ! ! ! ![]!0!0!-1!null!null!null!null!null!null!0
112!MoTSensorKit_Orientation! !1!SpimeSenseLabs! SpimeSenseLabs!null! ! !MasterOfThings.com!info@MasterOfThings.com!group!appVersion,phoneVersion,captureTime,x,y,z!MoTSensorKitv2.0!1!1! ! ! ! ! ! ! ! ! ! ! ! ! ! ! ! ![]!0!0!-1!null!null!null!null!null!null!0
113!MoTSensorKit_Sound! !1!SpimeSenseLabs!SpimeSenseLabs !null! ! !MasterOfThings.com!info@MasterOfThings.com!group!appVersion,phoneVersion,captureTime,currentSoundLevel!MoTSensorKitv2.0!1!1! ! ! ! ! ! ! ! ! ! ! ! ! ! ! ! ![]!0!0!-1!null!null!null!null!null!null!0
114!MoTSensorKit_Temperature! !1!SpimeSenseLabs! SpimeSenseLabs!null! ! !MasterOfThings.com!info@MasterOfThings.com!group!appVersion,phoneVersion,captureTime,currentTemperature!MoTSensorKitv2.0!1!1! ! ! ! ! ! ! ! ! ! ! ! ! ! ! ! ![]!0!0!-1!null!null!null!null!null!null!0
115!MoTSensorKit_QrScanner! !1!SpimeSenseLabs! SpimeSenseLabs!null! ! !MasterOfThings.com!info@MasterOfThings.com!group!appVersion,phoneVersion,captureTime,scannedValue!MoTSensorKitv2.0!1!1! ! ! ! ! ! ! ! ! ! ! ! ! ! ! ! ![]!0!0!-1!null!null!null!null!null!null!0
116!MoTSensorKit_SignalStrength!null!1!spimeSenseLabs!null!null!null!null!masterofthings.com!info@masterofthings.com!null!appVersion,callState,captureTime,cellId,cellLocation,dataState,networkOperator,networkOperatorCode,networkType,phoneNumber,phoneVersion,signalStrength!MoTSensorKitv2.0!1!0!null!null!null!null!null!null!null!null!null!null!null!null!null!null!null!null![]!0!0!-1!null!null!null!null!null!null!0
337!SigFox-BackEnd!null!null!spimeSenseLabs!null!null!null!null!masterofthings.com!info@masterofthings.com!null!lng,lat,signal,data,time,sfid!SigFox!1!0!null!null!null!null!null!null!null!null!null!null!null!null!null!null!null!null![]!0!1!-1!null!null!null!null!null!null!0
461!IoTik_Light!null!null!spimeSenseLabs!SpimeSenseLabs!Light intensity sensor!null!null!masterofthings.com!info@masterofthings.com!null!captureTime,kitVersion,firmwareVersion,currentLuxValue!IoTik_62456663276928!1!0!null!null!null!null!null!null!null!null!null!null!null!null!null!null!null!null![]!0!1!29!Tue Sep 17 2019 16:43:04 GMT+0000 (Coordinated Universal Time)!iMina!null!null!null!null!0
710!IoTik_base!null!123!spimeSenseLabs!SpimeSenseLabs!Base sensor object for IoTik sensors!null!null!masterofthings.com!info@masterofthings.com!null!captureTime,kitVersion,firmwareVersion!IoTik_62456663276928!1!0!null!null!null!null!null!null!null!null!null!null!null!null!null!null!null!null![]!0!1!29!null!null!null!null!null!null!0
711!IoTik_Sound!null!123!spimeSenseLabs!SpimeSenseLabs!Sound level sensor!null!null!masterofthings.com!info@masterofthings.com!null!firmwareVersion,kitVersion,captureTime,SoundLevel!IoTik_62456663276928!1!0!!null!null!null!null!null!null!null!null!null!null!null!null!null!null!null![]!0!1!29!Sun Jul 24 2022 09:26:59 GMT+0000 (Coordinated Universal Time)!mahmoudali_admin!null!null!null!null!0
712!IoTiks_firmware_version!null!123!spimeSenseLabs!SpimeSenseLabs!All IoTiks versions!null!null!masterofthings.com!info@masterofthings.com!null!firmwareVersion,kitVersion,captureTime,serialNumber!IoTik_Firmware!1!0!null!null!null!null!null!null!null!null!null!null!null!null!null!null!null!null![]!0!1!29!Tue Jan 18 2022 12:08:23 GMT+0000 (Coordinated Universal Time)!ahmedtanany96!null!null!null!null!0
733!IoTik_accel!null!123!spimeSenseLabs!SpimeSenseLabs!Base sensor object for IoTik sensors!null!null!masterofthings.com!info@masterofthings.com!null!z,y,x,captureTime,kitVersion,firmwareVersion!IoTik_62456663276928!1!0!null!null!null!null!null!null!null!null!null!null!null!null!null!null!null!null![]!0!1!29!null!null!null!null!null!null!0
734!IoTik_gyro!null!123!spimeSenseLabs!SpimeSenseLabs!Gyroscope sensor!null!null!masterofthings.com!info@masterofthings.com!null!z,y,x,captureTime,kitVersion,firmwareVersion!IoTik_62456663276928!1!0!!null!null!null!null!null!null!null!null!null!null!null!null!null!null!null![]!0!1!29!Tue Sep 17 2019 16:43:59 GMT+0000 (Coordinated Universal Time)!iMina!null!null!null!null!0
735!IoTik_compass!null!123!spimeSenseLabs!SpimeSenseLabs!Compass sensor!null!null!masterofthings.com!info@masterofthings.com!null!firmwareVersion,kitVersion,captureTime,heading!IoTik_62456663276928!1!0!null!null!null!null!null!null!null!null!null!null!null!null!null!null!null!null![]!0!1!29!Tue Sep 17 2019 16:47:03 GMT+0000 (Coordinated Universal Time)!iMina!null!null!null!null!0
736!IoTik_temp!null!123!spimeSenseLabs!SpimeSenseLabs!Temperature sensor!null!null!masterofthings.com!info@masterofthings.com!null!firmwareVersion,kitVersion,captureTime,temperature!IoTik_62456663276928!1!0!!null!null!null!null!null!null!null!null!null!null!null!null!null!null!null![]!0!1!29!null!null!null!null!null!null!0
737!IoTik_water_level!null!123!spimeSenseLabs!SpimeSenseLabs!Water level sensor!null!null!masterofthings.com!info@masterofthings.com!null!firmwareVersion,kitVersion,captureTime,level!IoTik_62456663276928!1!0!!null!null!null!null!null!null!null!null!null!null!null!null!null!null!null![]!0!1!29!null!null!null!null!null!null!0
738!IoTik_water_detection!null!123!spimeSenseLabs!SpimeSenseLabs!Water detection sensor!null!null!masterofthings.com!info@masterofthings.com!null!firmwareVersion,kitVersion,captureTime,value!IoTik_62456663276928!1!0!null!null!null!null!null!null!null!null!null!null!null!null!null!null!null!null![]!0!1!29!null!null!null!null!null!null!0
739!IoTik_signal_strength!null!123!spimeSenseLabs!SpimeSenseLabs!Signal strength!null!null!masterofthings.com!info@masterofthings.com!null!firmwareVersion,kitVersion,captureTime,signalStrength!IoTik_62456663276928!1!0!null!null!null!null!null!null!null!null!null!null!null!null!null!null!null!null![]!0!1!29!null!null!null!null!null!null!0
740!IoTik_door!null!123!spimeSenseLabs!SpimeSenseLabs!Door magnet sensor!null!null!masterofthings.com!info@masterofthings.com!null!firmwareVersion,kitVersion,captureTime,status!IoTik_62456663276928!1!0!null!null!null!null!null!null!null!null!null!null!null!null!null!null!null!null![]!0!1!29!null!null!null!null!null!null!0
741!dsfsd_proximity!123!123!spimeSenseLabs!SpimeSenseLabs!Proximity sensor!null!null!masterofthings.com!info@masterofthings.com!null!firmwareVersion,kitVersion,captureTime,currentNearnessLevel!IoTik_62456663276928!1!0!null!null!null!null!null!null!null!null!null!null!null!null!null!null!null!null![]!0!1!29!Wed Feb 07 2024 18:05:00 GMT+0000 (Coordinated Universal Time)!hussinzoghaly!null!null!null!null!0
742!IoTik_nfc!null!123!spimeSenseLabs!SpimeSenseLabs!NFC reader!null!null!masterofthings.com!info@masterofthings.com!null!firmwareVersion,kitVersion,captureTime,tagId!IoTik_62456663276928!1!0!null!null!null!null!null!null!null!null!null!null!null!null!null!null!null!null![]!0!1!29!null!null!null!null!null!null!0
743!IoTik_current!null!123!spimeSenseLabs!SpimeSenseLabs!Current sensor!null!null!masterofthings.com!info@masterofthings.com!null!firmwareVersion,kitVersion,captureTime,value!IoTik_62456663276928!1!0!null!null!null!null!null!null!null!null!null!null!null!null!null!null!null!null![]!0!1!29!null!null!null!null!null!null!0
744!IoTik_button!null!123!spimeSenseLabs!SpimeSenseLabs!Push button!null!null!masterofthings.com!info@masterofthings.com!null!firmwareVersion,kitVersion,captureTime,pressed!IoTik_62456663276928!1!0!!null!null!null!null!null!null!null!null!null!null!null!null!null!null!null![]!0!1!29!null!null!null!null!null!null!0
783!IoTik_bluetooth!null!123!spimeSenseLabs!SpimeSenseLabs!Bluetooth scanner!null!null!masterofthings.com!info@masterofthings.com!null!firmwareVersion,kitVersion,captureTime,deviceId,deviceName,signalStrength!IoTik_62456663276928!1!0!null!null!null!null!null!null!null!null!null!null!null!null!null!null!null!null![]!0!1!29!null!null!null!null!null!null!0
784!IoTik_wifi!null!123!spimeSenseLabs!SpimeSenseLabs!Wifi scanner!null!null!masterofthings.com!info@masterofthings.com!null!firmwareVersion,kitVersion,captureTime,SSID,signalStrength,isEncrypted!IoTik_62456663276928!1!0!!null!null!null!null!null!null!null!null!null!null!null!null!null!null!null![]!0!1!29!null!null!null!null!null!null!0
792!VisioAlert!null!2950!spimeSenseLabs!null!null!null!null!masterofthings.com!info@masterofthings.com!null!sensorId,sfid,time,data,signal,lat,lng!MoTSensorKitv2.0!1!0!null!null!null!null!null!null!null!null!null!null!null!null!null!null!null!null![]!0!0!-1!Tue Sep 22 2020 06:07:10 GMT+0000 (Coordinated Universal Time)!abanoub!null!null!null!null!0
793!SigFox-Senit!null!2951!spimeSenseLabs!null!null!null!null!masterofthings.com!info@masterofthings.com!null!lng,lat,signal,data,time,sfid,sensorId!MoTSensorKitv2.0!1!0!null!null!null!null!null!null!null!null!null!null!null!null!null!null!null!null![]!0!0!-1!Tue Sep 22 2020 06:07:13 GMT+0000 (Coordinated Universal Time)!abanoub!null!null!null!null!0
794!VisioTrack!null!2952!spimeSenseLabs!null!null!null!null!masterofthings.com!info@masterofthings.com!null!lng,lat,signal,data,time,sfid,sensorId!MoTSensorKitv2.0!1!0!null!null!null!null!null!null!null!null!null!null!null!null!null!null!null!null![]!0!0!-1!Tue Sep 22 2020 06:07:17 GMT+0000 (Coordinated Universal Time)!abanoub!null!null!null!null!0
795!CatnipSoil!null!2953!spimeSenseLabs!null!null!null!null!masterofthings.com!info@masterofthings.com!null!lng,lat,signal,data,time,sfid,sensorId!MoTSensorKitv2.0!1!0!null!null!null!null!null!null!null!null!null!null!null!null!null!null!null!null![]!0!0!-1!Tue Sep 22 2020 06:07:20 GMT+0000 (Coordinated Universal Time)!abanoub!null!null!null!null!0
796!WaterScoutSoil!null!2954!spimeSenseLabs!null!null!null!null!masterofthings.com!info@masterofthings.com!null!lng,lat,signal,data,time,sfid,sensorId!MoTSensorKitv2.0!1!0!null!null!null!null!null!null!null!null!null!null!null!null!null!null!null!null![]!0!0!-1!Tue Sep 22 2020 06:07:23 GMT+0000 (Coordinated Universal Time)!abanoub!null!null!null!null!0
797!HUMMBOX_AIR_INDOOR_CO2!null!2955!spimeSenseLabs!null!null!null!null!masterofthings.com!info@masterofthings.com!null!lng,lat,signal,data,time,sfid,sensorId!MoTSensorKitv2.0!1!0!null!null!null!null!null!null!null!null!null!null!null!null!null!null!null!null![]!0!0!-1!Tue Sep 22 2020 06:07:25 GMT+0000 (Coordinated Universal Time)!abanoub!null!null!null!null!0
798!VisioUtil!null!2956!spimeSenseLabs!null!null!null!null!masterofthings.com!info@masterofthings.com!null!lng,lat,signal,data,time,sfid,sensorId!MoTSensorKitv2.0!1!0!null!null!null!null!null!null!null!null!null!null!null!null!null!null!null!null![]!0!0!-1!Tue Sep 22 2020 06:07:30 GMT+0000 (Coordinated Universal Time)!abanoub!null!null!null!null!0
799!SenseAmmeter!null!2957!spimeSenseLabs!null!null!null!null!masterofthings.com!info@masterofthings.com!null!lng,lat,signal,data,time,sfid,sensorId!MoTSensorKitv2.0!1!0!null!null!null!null!null!null!null!null!null!null!null!null!null!null!null!null![]!0!0!-1!Tue Sep 22 2020 06:07:33 GMT+0000 (Coordinated Universal Time)!abanoub!null!null!null!null!0
800!BaraniDesign-WeatherStation-Sigfox!null!2957!spimeSenseLabs!null!null!null!null!masterofthings.com!info@masterofthings.com!null!lng,lat,signal,data,time,sfid,sensorId!MoTSensorKitv2.0!1!0!null!null!null!null!null!null!null!null!null!null!null!null!null!null!null!null![]!0!0!-1!Tue Sep 22 2020 06:07:36 GMT+0000 (Coordinated Universal Time)!abanoub!null!null!null!null!0
801!Minew GW!null!123!spimeSenseLabs! SpimeSenseLabs!Minew GW should publish its data over MQTT to this sensor.!null!null!masterofthings.com!info@masterofthings.com!null!GW_Sensors_Data!1!1!0!null!null!null!null!null!null!null!null!null!null! ! ! !null!null!null![]!0!1!-1!Mon Feb 17 2020 13:38:15 GMT+0000 (Coordinated Universal Time)!mahmoudali_admin!null!null!null!null!0
802!Minew Generic!null!1!spimeSenseLabs!null!null!null!null!masterofthings.com!info@masterofthings.com!null!gatewayLoad,gatewayFree,rawData,humidity,temperature,battery,rssi,bleName,mac,type,ibeaconUuid!1!0!0!null!null!null!null!null!null!null!null!null!null!null!null!null!null!null!null![]!0!0!-1!Sun Feb 16 2020 09:53:07 GMT+0000 (Coordinated Universal Time)!mahmoudali_admin!null!null!null!null!0
803!Minew S1 !null!1!spimeSenseLabs!null!null!null!null!masterofthings.com!info@masterofthings.com!null!humidity,temperature,battery,rssi,bleName,mac,type!1!1!0!null!null!null!null!null!null!null!null!null!null!null!null!null!null!null!null![]!0!0!-1!Sun Feb 16 2020 09:53:12 GMT+0000 (Coordinated Universal Time)!mahmoudali_admin!null!null!null!null!0
804!Minew GW1!null!123!spimeSenseLabs! SpimeSenseLabs!Minew GW should publish its data over MQTT to this sensor.!null!null!masterofthings.com!info@masterofthings.com!null!GW_Sensors_Data!1!1!0!null!null!null!null!null!null!null!null!null!null!null!null!null!null!null!null![]!0!0!-1!Sun Feb 16 2020 09:53:16 GMT+0000 (Coordinated Universal Time)!mahmoudali_admin!null!null!null!null!0
805!Minew Accelerometer Sensors!null!1!spimeSenseLabs!null!null!null!null!masterofthings.com!info@masterofthings.com!null!type,mac,bleName,rssi,battery,temperature,humidity,rawData,gatewayFree,gatewayLoad,ibeaconUuid,SensorId,x,y,z!1!0!0!null!null!null!null!null!null!null!null!null!null!null!null!null!null!null!null![]!0!0!-1!Sun Feb 16 2020 09:53:20 GMT+0000 (Coordinated Universal Time)!mahmoudali_admin!null!null!null!null!0
806!Minew Light Sensors!null!1!spimeSenseLabs!null!null!null!null!masterofthings.com!info@masterofthings.com!null!light,SensorId,ibeaconUuid,gatewayLoad,gatewayFree,rawData,humidity,temperature,battery,rssi,bleName,mac,type,LightReading!1!0!0!null!null!null!null!null!null!null!null!null!null!null!null!null!null!null!null![]!0!0!-1!Sun Feb 16 2020 09:53:25 GMT+0000 (Coordinated Universal Time)!mahmoudali_admin!null!null!null!null!0
807!WMBusModbusMaster!null!2959!spimeSenseLabs!null!null!null!null!masterofthings.com!info@masterofthings.com!null!lng,lat,signal,data,time,sfid,sensorId!MoTSensorKitv2.0!1!0!null!null!null!null!null!null!null!null!null!null!null!null!null!null!null!null![]!0!0!-1!Tue Sep 22 2020 06:07:40 GMT+0000 (Coordinated Universal Time)!abanoub!null!null!null!null!0
837!Tekzipark Sigfox Parking!null!2958!spimeSenseLabs!null!null!null!null!masterofthings.com!info@masterofthings.com!null!data,sfid!MoTSensorKitv2.0!1!0!null!null!null!null!null!null!null!null!null!null!null!null!null!null!null!null![]!0!0!-1!Tue Sep 22 2020 06:07:46 GMT+0000 (Coordinated Universal Time)!abanoub!null!null!null!null!0
841!IoT Malta Parking!null!2959!spimeSenseLabs!null!null!null!null!masterofthings.com!info@masterofthings.com!null!sfid,data!MoTSensorKitv2.0!1!0!null!null!null!null!null!null!null!null!null!null!null!null!null!null!null!null![]!0!0!-1!Tue Sep 22 2020 06:07:49 GMT+0000 (Coordinated Universal Time)!abanoub!null!null!null!null!0
933!CacIoT_PushButton!null!123!spimeSenseLabs!SpimeSenseLabs!CacIoT_PushButton!null!null!masterofthings.com!info@masterofthings.com!null!pressed!CacIoT_53526646660980!1!0!!null!null!null!null!null!null!null!null!null!null!null!null!null!null!null![]!0!1!-1!null!null!null!null!null!null!0
934!CacIoT_Current1!null!123!spimeSenseLabs!null!null!null!null!masterofthings.com!info@masterofthings.com!null!value!CacIoT_53526646660980!1!0!!null!null!null!null!null!null!null!null!null!null!null!null!null!null!null![]!0!1!-1!null!null!null!null!null!null!0
935!CacIoT_Current2!null!123!spimeSenseLabs!null!null!null!null!masterofthings.com!info@masterofthings.com!null!value!CacIoT_53526646660980!1!0!!null!null!null!null!null!null!null!null!null!null!null!null!null!null!null![]!0!1!-1!null!null!null!null!null!null!0
936!CacIoT_BluetoothScanner!null!123!spimeSenseLabs!null!null!null!null!masterofthings.com!info@masterofthings.com!null!deviceId,deviceName,signalStrength!CacIoT_53526646660980!1!0!!null!null!null!null!null!null!null!null!null!null!null!null!null!null!null![]!0!1!-1!null!null!null!null!null!null!0
937!CacIoT_WiFiScanner!null!123!spimeSenseLabs!null!null!null!null!masterofthings.com!info@masterofthings.com!null!SSID,signalStrength,isEncrypted!CacIoT_53526646660980!1!0!!null!null!null!null!null!null!null!null!null!null!null!null!null!null!null![]!0!1!-1!null!null!null!null!null!null!0
938!CacIoT_Light_sohag!null!123!spimeSenseLabs!null!null!null!null!masterofthings.com!info@masterofthings.com!null!lux!Sohag_Driver!1!0!!null!null!null!null!null!null!null!null!null!null!null!null!null!null!null![]!0!1!-1!Thu Sep 01 2022 08:30:12 GMT+0000 (Coordinated Universal Time)!Ghada_Mohmed!null!null!null!null!0
939!CacIoT_ SignalStrength!null!123!spimeSenseLabs!null!null!null!null!masterofthings.com!info@masterofthings.com!null!signalStrength!CacIoT_53526646660980!1!0!!null!null!null!null!null!null!null!null!null!null!null!null!null!null!null![]!0!1!-1!null!null!null!null!null!null!0
941!CacIoT_Temperature_sohag!null!123!spimeSenseLabs!SpimeSensLabs!null!null!null!masterofthings.com!info@masterofthings.com!null!temperature!Sohag_Driver!1!0!!null!null!null!null!null!null!null!null!null!null!null!null!null!null!null![]!0!1!-1!Thu Sep 01 2022 08:41:24 GMT+0000 (Coordinated Universal Time)!Ghada_Mohmed!null!null!null!null!0
942!CacIoT_DoorMagnet!null!123!spimeSenseLabs!SpimeSensLabs!null!null!null!masterofthings.com!info@masterofthings.com!null!status!CacIoT_53526646660980!1!0!!null!null!null!null!null!null!null!null!null!null!null!null!null!null!null![]!0!1!-1!null!null!null!null!null!null!0
943!CacIoT_AtmosphericPressure!null!123!spimeSenseLabs!SpimeSensLabs!null!null!null!masterofthings.com!info@masterofthings.com!null!PressureLevel!CacIoT_53526646660980!1!0!!null!null!null!null!null!null!null!null!null!null!null!null!null!null!null![]!0!1!-1!null!null!null!null!null!null!0
944!CacIoT_BatteryLevel!null!123!spimeSenseLabs!SpimeSensLabs!null!null!null!masterofthings.com!info@masterofthings.com!null!BatteryLevel!CacIoT_53526646660980!1!0!!null!null!null!null!null!null!null!null!null!null!null!null!null!null!null![]!0!1!-1!null!null!null!null!null!null!0
948!Temperature  !null!temp01!spimeSenseLabs!cairo!null!null!null!masterofthings.com!mbarakat@tomatiki.com!null!Temperature,!Tomatiki!0!0!null!null!null!null!null!null!null!null!null!null!null!null!null!null!null!null![]!0!0!-1!Sun May 08 2022 22:51:11 GMT+0000 (Coordinated Universal Time)!abanoub!null!null!null!null!0
1190!SigFox-Senit v3!null!2970!spimeSenseLabs!null!null!null!null!masterofthings.com!info@masterofthings.com!null!sensorId,sfid,time,data,signal,lat,lng!sigfox2!1!0!null!null!null!null!null!null!null!null!null!null!null!null!null!null!null!null![]!0!0!-1!Tue Sep 22 2020 06:07:55 GMT+0000 (Coordinated Universal Time)!abanoub!null!null!null!null!0
1613!MoTSensorKit_BluetoothScanner!null!null!spimeSenseLabs!SpimeSenseLabs!null!null!null!masterofthings.com!info@masterofthings.com!null!appVersion,captureTime,Device_ID,Device_Name,phoneVersion,Signal_Strength!MoTSensorKitv2.0!1!0!null!null!null!null!null!null!null!null!null!null!null!null!null!null!null!null![]!0!0!-1!Thu Mar 12 2020 08:47:52 GMT+0000 (Coordinated Universal Time)!abanoub!null!null!null!null!0
1614!MoTSensorKit_WifiScanner!null!null!spimeSenseLabs!SpimeSenseLabs!null!null!null!masterofthings.com!info@masterofthings.com!null!Signal_Strength,phoneVersion,Device_Name,Device_ID,captureTime,appVersion!MoTSensorKitv2.0!1!0!null!null!null!null!null!null!null!null!null!null!null!null!null!null!null!null![]!0!0!-1!Thu Mar 12 2020 08:48:01 GMT+0000 (Coordinated Universal Time)!abanoub!null!null!null!null!0
1665!AMO Asset Tracker!null!null!spimeSenseLabs!null!null!null!null!masterofthings.com!info@masterofthings.com!null!sfid,data!sigfox2!1!0!null!null!null!null!null!null!null!null!null!null!null!null!null!null!null!null![]!0!0!-1!Tue Sep 22 2020 06:08:01 GMT+0000 (Coordinated Universal Time)!abanoub!null!null!null!null!0
1929!IoTik_accel_sample!null!123!spimeSenseLabs!SpimeSenseLabs!Accelerometer sensor!null!null!masterofthings.com!info@masterofthings.com!null!z,y,x,captureTime,kitVersion,firmwareVersion!IoTik_62456663276928!1!0!null!null!null!null!null!null!null!null!null!null!null!null!null!null!null!null![]!0!0!-1!Wed Apr 08 2020 08:50:36 GMT+0000 (Coordinated Universal Time)!ZainabAdmin!null!null!null!null!0
1930!IoTik_gyro_sample!null!123!spimeSenseLabs!SpimeSenseLabs!Gyroscope sensor!null!null!masterofthings.com!info@masterofthings.com!null!firmwareVersion,kitVersion,captureTime,x,y,z!IoTik_62456663276928!1!0!null!null!null!null!null!null!null!null!null!null!null!null!null!null!null!null![]!0!0!-1!Wed Apr 08 2020 08:51:00 GMT+0000 (Coordinated Universal Time)!ZainabAdmin!null!null!null!null!0
1939!IoTik_compass_sample!null!123!spimeSenseLabs!SpimeSenseLabs!Compass sensor!null!null!masterofthings.com!info@masterofthings.com!null!heading,captureTime,kitVersion,firmwareVersion!IoTik_62456663276928!1!0!null!null!null!null!null!null!null!null!null!null!null!null!null!null!null!null![]!0!0!-1!Wed Apr 08 2020 08:51:09 GMT+0000 (Coordinated Universal Time)!ZainabAdmin!null!null!null!null!0
1940!IoTik_temp_sample!null!123!spimeSenseLabs!SpimeSenseLabs!Temperature sensor!null!null!masterofthings.com!info@masterofthings.com!null!temperature,captureTime,kitVersion,firmwareVersion!IoTik_62456663276928!1!0!null!null!null!null!null!null!null!null!null!null!null!null!null!null!null!null![]!0!0!-1!Wed Apr 08 2020 08:51:30 GMT+0000 (Coordinated Universal Time)!ZainabAdmin!null!null!null!null!0
1941!IoTik_water_level_sample!null!123!spimeSenseLabs!SpimeSenseLabs!Water level sensor!null!null!masterofthings.com!info@masterofthings.com!null!level,captureTime,kitVersion,firmwareVersion!IoTik_62456663276928!1!0!null!null!null!null!null!null!null!null!null!null!null!null!null!null!null!null![]!0!0!-1!Wed Apr 08 2020 08:51:37 GMT+0000 (Coordinated Universal Time)!ZainabAdmin!null!null!null!null!0
1942!IoTik_door_sample!null!123!spimeSenseLabs!SpimeSenseLabs!Door magnet sensor!null!null!masterofthings.com!info@masterofthings.com!null!status,captureTime,kitVersion,firmwareVersion!IoTik_62456663276928!1!0!null!null!null!null!null!null!null!null!null!null!null!null!null!null!null!null![]!0!0!-1!Wed Apr 08 2020 08:51:41 GMT+0000 (Coordinated Universal Time)!ZainabAdmin!null!null!null!null!0
1943!IoTik_proximity_sample!null!123!spimeSenseLabs!SpimeSenseLabs!Proximity sensor!null!null!masterofthings.com!info@masterofthings.com!null!currentNearnessLevel,captureTime,kitVersion,firmwareVersion!IoTik_62456663276928!1!0!null!null!null!null!null!null!null!null!null!null!null!null!null!null!null!null![]!0!0!-1!Wed Apr 08 2020 08:51:46 GMT+0000 (Coordinated Universal Time)!ZainabAdmin!null!null!null!null!0
1944!IoTik_current_sample!null!123!spimeSenseLabs!SpimeSenseLabs!Current sensor!null!null!masterofthings.com!info@masterofthings.com!null!value,captureTime,kitVersion,firmwareVersion!IoTik_62456663276928!1!0!null!null!null!null!null!null!null!null!null!null!null!null!null!null!null!null![]!0!0!-1!Wed Apr 08 2020 08:51:51 GMT+0000 (Coordinated Universal Time)!ZainabAdmin!null!null!null!null!0
1945!IoTik_Sound_sample!null!123!spimeSenseLabs!SpimeSenseLabs!Sound level sensor!null!null!masterofthings.com!info@masterofthings.com!null!SoundLevel,captureTime,kitVersion,firmwareVersion!IoTik_62456663276928!1!0!null!null!null!null!null!null!null!null!null!null!null!null!null!null!null!null![]!0!0!-1!Wed Apr 08 2020 08:51:57 GMT+0000 (Coordinated Universal Time)!ZainabAdmin!null!null!null!null!0
1946!IoTik_wifi_sample!null!123!spimeSenseLabs!SpimeSenseLabs!Wifi scanner!null!null!masterofthings.com!info@masterofthings.com!null!isEncrypted,signalStrength,SSID,captureTime,kitVersion,firmwareVersion!IoTik_62456663276928!1!0!null!null!null!null!null!null!null!null!null!null!null!null!null!null!null!null![]!0!0!-1!Wed Apr 08 2020 08:52:01 GMT+0000 (Coordinated Universal Time)!ZainabAdmin!null!null!null!null!0
1947!IoTik_button_sample!null!123!spimeSenseLabs!SpimeSenseLabs!Push button!null!null!masterofthings.com!info@masterofthings.com!null!pressed,captureTime,kitVersion,firmwareVersion!IoTik_62456663276928!1!0!null!null!null!null!null!null!null!null!null!null!null!null!null!null!null!null![]!0!0!-1!Wed Apr 08 2020 08:52:05 GMT+0000 (Coordinated Universal Time)!ZainabAdmin!null!null!null!null!0
1948!IoTik_Light_sample!null!null!spimeSenseLabs!SpimeSenseLabs!Light intensity sensor!null!null!masterofthings.com!info@masterofthings.com!null!currentLuxValue,firmwareVersion,kitVersion,captureTime!IoTik_62456663276928!1!0!null!null!null!null!null!null!null!null!null!null!null!null!null!null!null!null![]!0!0!-1!Wed Apr 08 2020 08:52:10 GMT+0000 (Coordinated Universal Time)!ZainabAdmin!null!null!null!null!0
1973!IoTiks_firmware_version_sample!null!123!spimeSenseLabs!SpimeSenseLabs!All IoTiks versions!null!null!masterofthings.com!info@masterofthings.com!null!firmwareVersion,kitVersion,captureTime,serialNumber!IoTik_62456663276928!1!0!null!null!null!null!null!null!null!null!null!null!null!null!null!null!null!null![]!0!0!-1!null!null!null!null!null!null!0
1974!IoTik_nfc_sample!null!123!spimeSenseLabs!SpimeSenseLabs!NFC reader!null!null!masterofthings.com!info@masterofthings.com!null!firmwareVersion,kitVersion,captureTime,tagId!IoTik_62456663276928!1!0!null!null!null!null!null!null!null!null!null!null!null!null!null!null!null!null![]!0!0!-1!null!null!null!null!null!null!0
1976!IoTik_water_detection_sample!null!123!spimeSenseLabs!SpimeSenseLabs!Water detection sensor!null!null!masterofthings.com!info@masterofthings.com!null!firmwareVersion,kitVersion,captureTime,value!IoTik_62456663276928!1!0!null!null!null!null!null!null!null!null!null!null!null!null!null!null!null!null![]!0!0!-1!null!null!null!null!null!null!0
1977!IoTik_signal_strength_sample!null!123!spimeSenseLabs!SpimeSenseLabs!Signal strength!null!null!masterofthings.com!info@masterofthings.com!null!firmwareVersion,kitVersion,captureTime,signalStrength!IoTik_62456663276928!1!0!null!null!null!null!null!null!null!null!null!null!null!null!null!null!null!null![]!0!0!-1!null!null!null!null!null!null!0
1978!IoTik_bluetooth_sample!null!123!spimeSenseLabs!SpimeSenseLabs!Bluetooth scanner!null!null!masterofthings.com!info@masterofthings.com!null!firmwareVersion,kitVersion,captureTime,deviceId,deviceName,signalStrength!IoTik_62456663276928!1!0!null!null!null!null!null!null!null!null!null!null!null!null!null!null!null!null![]!0!0!-1!null!null!null!null!null!null!0
2017!Minew_GW_Sample!null!123!spimeSenseLabs! SpimeSenseLabs!Minew GW should publish its data over MQTT to this sensor.!null!null!masterofthings.com!info@masterofthings.com!null!GW_Sensors_Data!Minew_iotLab!1!0!null!null!null!null!null!null!null!null!null!null!null!null!null!null!null!null![]!0!0!-1!null!null!null!null!null!null!0
2018!Minew_Generic_Sample!null!1!spimeSenseLabs!null!null!null!null!masterofthings.com!info@masterofthings.com!null!ibeaconUuid,gatewayLoad,gatewayFree,rawData,humidity,temperature,battery,rssi,bleName,mac,type!Minew_iotLab!0!0!null!null!null!null!null!null!null!null!null!null!null!null!null!null!null!null![]!0!0!-1!null!null!null!null!null!null!0
2019!Minew_S1_Sample !null!1!spimeSenseLabs!null!null!null!null!masterofthings.com!info@masterofthings.com!null!humidity,temperature,battery,rssi,bleName,mac,type!Minew_iotLab!1!0!null!null!null!null!null!null!null!null!null!null!null!null!null!null!null!null![]!0!0!-1!null!null!null!null!null!null!0
2020!Minew_Light_Sample!null!1!spimeSenseLabs!null!null!null!null!masterofthings.com!info@masterofthings.com!null!type,mac,bleName,rssi,battery,temperature,humidity,rawData,gatewayFree,gatewayLoad,ibeaconUuid,SensorId,light,LightReading!Minew_iotLab!0!0!null!null!null!null!null!null!null!null!null!null!null!null!null!null!null!null![]!0!0!-1!null!null!null!null!null!null!0
3010!CacIoT_Waste!null!null!spimeSenseLabs!null!null!null!null!masterofthings.com!info@masterofthings.com!null!Wastetemp,Wastelevel,BatteryLevel,deviceMac,deviceId,deviceName,signalStrength,captureTime,firmwareVersion!CacIoT_198900703524081!0!0!null!null!null!null!null!null!null!null!null!null!null!null!null!null!null!null![]!0!0!-1!Thu Feb 23 2023 08:44:51 GMT+0000 (Coordinated Universal Time)!mahmoudali_admin!null!null!Wed Nov 04 2020 13:44:48 GMT+0000 (Coordinated Universal Time)!AmrHamdy!0
4351!MoTSensorKit_Keypad!null!null!spimeSenseLabs!null!null!null!null!masterofthings.com!info@masterofthings.com!null!appVersion,phoneVersion,captureTime,digit!MoTSensorKitv2.0!1!0!null!null!null!null!null!null!null!null!null!null!null!null!null!null!null!null![]!0!0!-1!Wed Apr 14 2021 11:44:43 GMT+0000 (Coordinated Universal Time)!admin!null!null!Wed Apr 14 2021 11:42:05 GMT+0000 (Coordinated Universal Time)!dev!0
9126!Oyster Sigfox Integration!null!null!spimeSenseLabs!null!null!null!null!masterofthings.com!info@masterofthings.com!null!sfid,data!SigFox-Backend!1!0!null!null!null!null!null!null!null!null!null!null!null!null!null!null!null!null![]!0!1!-1!null!null!null!null!Sat Oct 30 2021 11:33:39 GMT+0000 (Coordinated Universal Time)!mahmoudali!0
12940!SigFox-Senit_Minya!null!2951!spimeSenseLabs!null!null!null!null!masterofthings.com!info@masterofthings.com!null!sensorId,sfid,time,data,signal,lat,lng!SigFox-Backend!1!0!null!null!null!null!null!null!null!null!null!null!null!null!null!null!null!null![]!0!0!-1!Wed Aug 17 2022 21:41:36 GMT+0000 (Coordinated Universal Time)!abanoub!null!null!Wed Jun 29 2022 10:51:35 GMT+0000 (Coordinated Universal Time)!hindehab!0
24467!Tomatiki!null!TOMA!spimeSenseLabs!null!null!null!null!masterofthings.com!info@masterofthings.com!null!moisture,valve,pump,firmwareVer,deviceVer!Tomatiki_2498665!1!0!null!null!null!null!null!null!null!null!null!null!null!null!null!null!null!null![]!0!0!-1!Thu Oct 27 2022 09:42:51 GMT+0000 (Coordinated Universal Time)!mahmoudali_admin!null!null!Thu Oct 27 2022 09:41:23 GMT+0000 (Coordinated Universal Time)!mahmoudali!0
25203!LoraWan_Data_Sensor!null!LORAWAN!spimeSenseLabs!null!null!null!null!masterofthings.com!info@masterofthings.com!null!EncodedData,ApplicationName,ApplicationId,DeviceProfileName,DeviceName,DeviceEUI!LoraWan_Training!0!0!null!null!null!null!null!null!null!null!null!null!null!null!null!null!null!null![]!0!0!-1!Thu Nov 10 2022 18:29:33 GMT+0000 (Coordinated Universal Time)!abanoub!null!null!Thu Nov 10 2022 17:25:26 GMT+0000 (Coordinated Universal Time)!xyz!0
26637!New_Capital_Minew_S1!null!null!spimeSenseLabs!null!null!null!null!masterofthings.com!info@masterofthings.com!null!gatewayLoad,gatewayFree,rawData,humidity,temperature,battery,rssi,bleName,mac,type,ibeaconUuid!1!0!0!null!null!null!null!null!null!null!null!null!null!null!null!null!null!null!null![]!0!0!-1!Thu Jan 19 2023 12:06:38 GMT+0000 (Coordinated Universal Time)!mahmoudali_admin!null!null!Thu Jan 19 2023 11:14:48 GMT+0000 (Coordinated Universal Time)!mahmoudali!0
26638!Door New Capital Machet 1!null!IoTik!spimeSenseLabs!SpimeSenseLabs!Door magnet sensor!null!null!masterofthings.com!info@masterofthings.com!null!firmwareVersion,kitVersion,captureTime,status!IoTik_198900705156329!1!0!null!null!null!null!null!null!null!null!null!null!null!null!null!null!null!null![]!0!0!-1!Thu Jan 19 2023 12:06:42 GMT+0000 (Coordinated Universal Time)!mahmoudali_admin!null!null!Thu Jan 19 2023 11:40:26 GMT+0000 (Coordinated Universal Time)!mahmoud_zakaria!0
26639!Door New Capital Machet 2!null!IoTik!spimeSenseLabs!SpimeSenseLabs!Door magnet sensor!null!null!masterofthings.com!info@masterofthings.com!null!status,captureTime,kitVersion,firmwareVersion!IoTik_198900705139933!1!0!null!null!null!null!null!null!null!null!null!null!null!null!null!null!null!null![]!0!0!-1!Thu Jan 19 2023 12:06:46 GMT+0000 (Coordinated Universal Time)!mahmoudali_admin!null!null!Thu Jan 19 2023 11:41:57 GMT+0000 (Coordinated Universal Time)!mahmoud_zakaria!0
26640!Temp New Capital Machet!null!IoTik!spimeSenseLabs!SpimeSenseLabs!Temperature sensor!null!null!masterofthings.com!info@masterofthings.com!null!firmwareVersion,kitVersion,captureTime,temperature!IoTik_198900705156329!1!0!null!null!null!null!null!null!null!null!null!null!null!null!null!null!null!null![]!0!0!-1!Thu Jan 19 2023 12:06:52 GMT+0000 (Coordinated Universal Time)!mahmoudali_admin!null!null!Thu Jan 19 2023 11:45:04 GMT+0000 (Coordinated Universal Time)!mahmoud_zakaria!0
26641!New Capital Machet Water 1!null!123!spimeSenseLabs!SpimeSenseLabs!Water detection sensor!null!null!masterofthings.com!info@masterofthings.com!null!firmwareVersion,kitVersion,captureTime,value!IoTik_198900705156329!1!0!null!null!null!null!null!null!null!null!null!null!null!null!null!null!null!null![]!0!0!-1!Thu Jan 19 2023 12:48:01 GMT+0000 (Coordinated Universal Time)!mahmoudali_admin!null!null!Thu Jan 19 2023 11:53:01 GMT+0000 (Coordinated Universal Time)!mahmoud_zakaria!0
26642!New Capital Machet Water 2!null!123!spimeSenseLabs!SpimeSenseLabs!Water detection sensor!null!null!masterofthings.com!info@masterofthings.com!null!value,captureTime,kitVersion,firmwareVersion!IoTik_198900705139933!1!0!null!null!null!null!null!null!null!null!null!null!null!null!null!null!null!null![]!0!0!-1!Thu Jan 19 2023 12:07:02 GMT+0000 (Coordinated Universal Time)!mahmoudali_admin!null!null!Thu Jan 19 2023 11:59:55 GMT+0000 (Coordinated Universal Time)!mahmoud_zakaria!0
28127!CacIoT_Parking!null!null!spimeSenseLabs!null!null!null!null!masterofthings.com!info@masterofthings.com!null!BatteryLevel,CarDetected,deviceId!CacIoT_198900703524081!0!0!null!null!null!null!null!null!null!null!null!null!null!null!null!null!null!null![]!0!0!-1!Thu Feb 23 2023 08:44:47 GMT+0000 (Coordinated Universal Time)!mahmoudali_admin!null!null!Sun Feb 12 2023 14:53:22 GMT+0000 (Coordinated Universal Time)!mahmoudali!0
41491!allawy_soilMoisture!null!1!null!null!null!null!null!null!null!null!soilMoisture!1!1!0!null!null!null!null!null!null!null!null!null!null!null!null!null!null!null!null![]!0!1!-1!null!null!null!null!Thu Feb 08 2024 19:16:17 GMT+0000 (Coordinated Universal Time)!Ahmed_allawy!0
41493!allawy_Temperature_humidity!null!1!spimeSenseLabs!null!null!null!null!masterofthings.com!info@masterofthings.com!null!temperature,humidity!1!1!0!null!null!null!null!null!null!null!null!null!null!null!null!null!null!null!null![]!0!1!-1!null!null!null!null!Thu Feb 08 2024 19:22:21 GMT+0000 (Coordinated Universal Time)!Ahmed_allawy!0
41505!allawy_pump!null!1!null!null!null!null!null!null!null!null!pump_state!1!1!0!null!null!null!null!null!null!null!null!null!null!null!null!null!null!null!null![]!0!1!-1!null!null!null!null!Fri Feb 09 2024 14:00:53 GMT+0000 (Coordinated Universal Time)!Ahmed_allawy!0
41763!Allawy_MoTSensorKit_Accelerometer! !123!spimeSenseLabs!SpimeSenseLabs!null! ! !masterofthings.com!info@masterofthings.com!null!captureTime,phoneVersion,appVersion,z,y,x!MoTSensorKitv2.0!1!1! ! ! ! ! ! ! ! ! ! ! ! ! ! ! ! ![]!0!1!-1!null!null!null!null!Mon Feb 19 2024 15:14:23 GMT+0000 (Coordinated Universal Time)!Ahmed_allawy!0
41958!Allawy_MoTSensorKit_Light! ! !spimeSenseLabs!SpimeSenseLabs!null! ! !masterofthings.com!info@masterofthings.com!null!captureTime,phoneVersion,appVersion,currentLuxValue!MoTSensorKitv2.0!1!0! ! ! ! ! ! ! ! ! ! ! ! ! ! ! ! ![]!0!1!-1!Fri Feb 23 2024 07:19:01 GMT+0000 (Coordinated Universal Time)!Ahmed_allawy!null!null!Fri Feb 23 2024 06:54:04 GMT+0000 (Coordinated Universal Time)!Ahmed_allawy!0
42441!Allawy_Proximity_1! !1!SpimeSenseLabs! SpimeSenseLabs!null! ! !MasterOfThings.com!info@MasterOfThings.com!null!appVersion,phoneVersion,captureTime,currentNearnessLevel!MoTSensorKitv2.0!1!0! ! Floor 1! A! 1! ! ! ! ! ! ! ! ! ! ! ! ![]!0!1!-1!null!null!null!null!Wed Feb 28 2024 11:41:39 GMT+0000 (Coordinated Universal Time)!Ahmed_allawy!0
42496!Allawy_Proximity_2! !1!SpimeSenseLabs! SpimeSenseLabs!null! ! !MasterOfThings.com!info@MasterOfThings.com!null!currentNearnessLevel,captureTime,phoneVersion,appVersion!MoTSensorKitv2.0!1!0! ! Floor 1!B!1! ! ! ! ! ! ! ! ! ! ! ! ![]!0!1!-1!null!null!null!null!Wed Feb 28 2024 12:21:19 GMT+0000 (Coordinated Universal Time)!Ahmed_allawy!0
42498!Allawy_Proximity_3! !1!SpimeSenseLabs! SpimeSenseLabs!null! ! !MasterOfThings.com!info@MasterOfThings.com!null!appVersion,phoneVersion,captureTime,currentNearnessLevel!MoTSensorKitv2.0!1!0! ! Floor 1!C!1! ! ! ! ! ! ! ! ! ! ! ! ![]!0!1!-1!null!null!null!null!Wed Feb 28 2024 12:22:14 GMT+0000 (Coordinated Universal Time)!Ahmed_allawy!0
42512!Allawy_Proximity_consolidated! !1!SpimeSenseLabs! SpimeSenseLabs!null! ! !MasterOfThings.com!info@MasterOfThings.com!null!currentNearnessLevel,captureTime,phoneVersion,appVersion,SensorId!1!1!0! ! Floor 1!null!null! ! ! ! ! ! ! ! ! ! ! ! ![]!0!1!-1!null!null!null!null!Wed Feb 28 2024 13:43:38 GMT+0000 (Coordinated Universal Time)!Ahmed_allawy!0
42641!Allawy_MoTSensorKit_GPS! ! !spimeSenseLabs!SpimeSenseLabs!null!0!0!masterofthings.com!info@masterofthings.com!null!captureTime,phoneVersion,appVersion,locationBy,phoneLocationLng,phoneLocationLat!MoTSensorKitv2.0!1!0! ! ! ! ! ! ! ! ! ! ! ! ! ! ! ! ![]!0!1!-1!null!null!null!null!Sun Mar 03 2024 15:06:50 GMT+0000 (Coordinated Universal Time)!Ahmed_allawy!0
42642!Allawy_MoTSensorKit_SignalStrength!null!1!spimeSenseLabs!null!null!null!null!masterofthings.com!info@masterofthings.com!null!appVersion,callState,captureTime,cellId,cellLocation,dataState,networkOperator,networkOperatorCode,networkType,phoneNumber,phoneVersion,signalStrength!MoTSensorKitv2.0!1!0!null!null!null!null!null!null!null!null!null!null!null!null!null!null!null!null![]!0!1!-1!null!null!null!null!Sun Mar 03 2024 15:07:34 GMT+0000 (Coordinated Universal Time)!Ahmed_allawy!0
42643!Allawy_Coverage_Virtual_Sensor!null!123!spimeSenseLabs!null!null!null!null!masterofthings.com!info@masterofthings.com!null!Lat,Lng,Operator,SignalStrength!1!1!0!null!null!null!null!null!null!null!null!null!null!null!null!null!null!null!null![]!0!1!-1!null!null!null!null!Sun Mar 03 2024 15:41:47 GMT+0000 (Coordinated Universal Time)!Ahmed_allawy!0
42644!Allawy_Custom_Event_Sensor!null!null!spimeSenseLabs!null!null!null!null!masterofthings.com!info@masterofthings.com!null!reading1,reading2!1!0!0!null!null!null!null!null!null!null!null!null!null!null!null!null!null!null!null![]!0!1!-1!null!null!null!null!Mon Mar 04 2024 15:35:25 GMT+0000 (Coordinated Universal Time)!Ahmed_allawy!0